{"lstm_mae": 0.07803398370742798, "gru_mae": 0.08260620385408401, "srn_mae": 0.08540278673171997}