{
  "files": [
    "01_训练损失.png",
    "02_预测vs真实.png",
    "03_数据分布.png",
    "04_多维分布.png",
    "05_Loss对数.png",
    "06_模型结构.png"
  ],
  "mse": 0.1945648193359375,
  "mae": 0.3485434651374817,
  "r2": 0.9799731429666281
}