{"grad_norms": {"5": 0.08589600771665573, "10": 3.147531747817993, "20": 0.7522208094596863, "40": 5.24080228805542, "80": 2.423011064529419}}