{"nin_acc": 1.3761237487792968, "std_acc": 1.5703634281158447}